N,ChronoSplit,CustomLCG,CustomXorshift,mt19937
1000,0.00161,0.00367,0.00168,0.00472
10000,0.0256,0.04769,0.01963,0.60119
100000,0.2194,0.37563,0.20688,0.4788
1000000,2.048,3.68023,1.67269,2.98609
