N,ChronoSplit,CustomLCG,CustomXorshift,mt19937
1000,0.00161,0.0037,0.00168,0.00334
10000,0.01867,0.0368,0.01637,0.03015
100000,0.16614,0.38665,0.1851,0.31023
1000000,2.02884,3.78311,1.70619,3.24781
